,Unnamed: 0,name,appid,tags,avg_degree,density,clustering_coefficient,degree_centrality,closeness_centrality,betweenness_centrality
0,0,Dota 2,570,"{'Free to Play': 59557, 'MOBA': 19966, 'Multiplayer': 15154, 'Strategy': 14096, 'e-sports': 11627, 'Team-Based': 10821, 'Competitive': 8165, 'Action': 7839, 'Online Co-Op': 7362, 'PvP': 5940, 'Difficult': 5227, 'Co-op': 4228, 'RTS': 4037, 'RPG': 3719, 'Tower Defense': 3709, 'Fantasy': 3687, 'Character Customization': 2869, 'Replay Value': 2712, 'Action RPG': 2411, 'Simulation': 1937}",3.964,0.0039679679679679,0.4617271321735207,0.003967967967967968,0.2692583926211241,0.0028162471088322787
1,1,Counter-Strike: Global Offensive,730,"{'FPS': 90066, 'Shooter': 64780, 'Multiplayer': 61792, 'Competitive': 52880, 'Action': 47159, 'Team-Based': 46059, 'e-sports': 43141, 'Tactical': 41029, 'First-Person': 39079, 'PvP': 34154, 'Online Co-Op': 33706, 'Co-op': 30035, 'Strategy': 29903, 'Military': 28511, 'War': 27824, 'Difficult': 25814, 'Trading': 25484, 'Realistic': 25260, 'Fast-Paced': 25187, 'Moddable': 6452}",3.942,0.0039459459459459,0.4297643249283134,0.003945945945945946,0.027374443958948686,0.00014459950932896825
2,2,PUBG: BATTLEGROUNDS,578080,"{'Survival': 14608, 'Shooter': 12472, 'Battle Royale': 10679, 'Multiplayer': 10645, 'FPS': 8237, 'PvP': 7594, 'Third-Person Shooter': 7199, 'Action': 5921, 'Online Co-Op': 5260, 'Tactical': 4969, 'Co-op': 4239, 'First-Person': 3997, 'Strategy': 3048, 'Early Access': 2798, 'Competitive': 2351, 'Third Person': 2301, 'Team-Based': 2017, 'Difficult': 1691, 'Simulation': 1339, 'Stealth': 1251}",6.47,0.0064764764764764,0.4891379100260363,0.0064764764764764764,0.048906501546412656,0.0004692528199542225
3,3,New World,1063730,"{'Open World': 771, 'Massively Multiplayer': 757, 'MMORPG': 720, 'RPG': 606, 'Adventure': 538, 'Action': 465, 'PvP': 447, 'PvE': 434, 'Multiplayer': 370, 'Fantasy': 310, 'Character Customization': 306, 'Walking Simulator': 303, 'Crafting': 270, 'Third Person': 245, 'Open World Survival Craft': 201, 'Co-op': 200, 'Sandbox': 165, 'Violent': 150, 'Sexual Content': 119, 'Singleplayer': 83}",3.656,0.0036596596596596,0.4081644099561332,0.00365965965965966,0.05182025765175714,0.0006846425583900534
4,4,Palworld,1623730,"{'Multiplayer': 993, 'Open World': 989, 'Creature Collector': 956, 'Survival': 954, 'Open World Survival Craft': 885, 'Crafting': 702, 'Co-op': 666, 'Adventure': 617, 'Sandbox': 534, 'Third-Person Shooter': 450, 'Automation': 423, 'Action': 396, 'Early Access': 366, 'RPG': 357, 'Anime': 340, 'PvE': 334, '3D': 321, 'Indie': 295, 'Looter Shooter': 288, 'Hack and Slash': 251}",4.768,0.0047727727727727,0.4606210650417691,0.004772772772772772,0.03779040362037656,0.00011890447561790248
5,5,Apex Legends,1172470,"{'Free to Play': 1964, 'Battle Royale': 1351, 'Multiplayer': 1338, 'FPS': 1267, 'Shooter': 1238, 'First-Person': 1040, 'PvP': 862, 'Action': 768, 'Hero Shooter': 700, 'Team-Based': 696, 'Tactical': 528, 'Sci-fi': 480, 'Survival': 470, 'Loot': 465, 'Character Customization': 457, 'Funny': 429, 'Co-op': 420, 'Lore-Rich': 354, 'Cyberpunk': 342, 'Cinematic': 279}",3.84,0.0038438438438438,0.4272090159009599,0.0038438438438438438,0.23188227005475626,0.002696897298099715
6,6,Team Fortress 2,440,"{'Free to Play': 62488, 'Hero Shooter': 60911, 'Multiplayer': 22570, 'FPS': 15473, 'Shooter': 12560, 'Action': 11954, 'Class-Based': 9656, 'Team-Based': 9268, 'Funny': 9202, 'First-Person': 7789, 'Online Co-Op': 7223, 'Competitive': 7009, 'Cartoony': 6993, 'Trading': 6735, 'Co-op': 5731, 'Comedy': 5259, 'Robots': 4627, 'Tactical': 3936, 'Cartoon': 3875, 'Crafting': 3639}",3.12625250501002,0.0031356594834604,0.3256233075258643,0.0031356594834604013,0.13978744193426024,0.0024128126385256363
7,7,Call of Duty: Modern Warfare II,1938090,"{'FPS': 2017, 'Multiplayer': 1771, 'Shooter': 1697, 'Action': 1661, 'Singleplayer': 1654, 'Military': 1576, 'First-Person': 1521, 'War': 1451, 'Modern': 1386, 'Tactical': 1305, 'Violent': 1275, 'Co-op': 1260, 'Realistic': 1242, 'Story Rich': 1198, 'Atmospheric': 1034, 'Mature': 518, 'Online Co-Op': 451, 'Gore': 326, 'Third-Person Shooter': 234, 'Third Person': 227}",3.616,0.0036196196196196,0.446733859271208,0.003619619619619619,0.035834353815885206,0.0002946052264689538
8,8,Grand Theft Auto V,271590,"{'Open World': 31980, 'Action': 23161, 'Multiplayer': 21310, 'Crime': 19040, 'Automobile Sim': 18571, 'Third Person': 18399, 'First-Person': 18043, 'Mature': 14734, 'Shooter': 14662, 'Adventure': 13419, 'Singleplayer': 12244, 'Third-Person Shooter': 11789, 'Racing': 11392, 'Co-op': 10069, 'Sandbox': 9836, 'Atmospheric': 9805, 'Funny': 9222, 'Great Soundtrack': 8585, 'Comedy': 8447, 'Moddable': 6786}",3.794,0.0037977977977977,0.445819318138151,0.0037977977977977978,0.02733367154149731,6.081432133536341e-05
9,9,Left 4 Dead 2,550,"{'Zombies': 21022, 'Co-op': 11250, 'FPS': 9941, 'Multiplayer': 9281, 'Shooter': 6987, 'Online Co-Op': 6692, 'Action': 6611, 'Survival': 5644, 'Horror': 5381, 'First-Person': 4499, 'Gore': 4209, 'Team-Based': 3554, 'Moddable': 3017, 'Survival Horror': 2960, 'Post-apocalyptic': 2862, 'Singleplayer': 2402, 'Adventure': 2163, 'Local Co-Op': 2107, 'Replay Value': 2059, 'Tactical': 1980}",3.23,0.0032332332332332,0.4624313250825688,0.003233233233233233,0.027267871642137655,0.00014444504624865347
10,10,Lost Ark,1599340,"{'MMORPG': 379, 'Free to Play': 334, 'Action RPG': 260, 'Multiplayer': 252, 'Hack and Slash': 243, 'RPG': 232, 'Character Customization': 213, 'Massively Multiplayer': 201, 'Action': 190, 'Sexual Content': 172, 'Adventure': 172, 'Fantasy': 167, 'PvE': 166, 'PvP': 160, 'Isometric': 140, 'Online Co-Op': 111, 'Class-Based': 111, 'Singleplayer': 95, 'Violent': 91, 'Gore': 78}",4.806,0.0048108108108108,0.5289711380676189,0.00481081081081081,0.06755036911022608,0.0003329822808780724
11,11,Unturned,304930,"{'Free to Play': 36786, 'Survival': 16448, 'Zombies': 15258, 'Multiplayer': 15068, 'Open World': 15001, 'Co-op': 14894, 'Crafting': 14856, 'Sandbox': 14854, 'Shooter': 14842, 'Adventure': 14826, 'Post-apocalyptic': 14817, 'First-Person': 14806, 'Singleplayer': 14798, 'FPS': 14795, 'Looter Shooter': 14794, 'Action': 14790, 'Massively Multiplayer': 14765, 'Indie': 14741, 'Atmospheric': 14741, 'Casual': 14736}",3.198,0.0032012012012012,0.3413150604316755,0.0032012012012012014,0.22732437885903714,0.0023070846397499657
12,12,HELLDIVERS 2,553850,"{'Online Co-Op': 587, 'Third-Person Shooter': 537, 'Multiplayer': 531, 'Action': 513, 'PvE': 490, 'Shooter': 448, 'Co-op': 447, 'Capitalism': 425, 'Sci-fi': 422, 'Space': 372, 'Third Person': 344, 'Comedy': 314, 'Extraction Shooter': 314, 'Gore': 284, 'Violent': 271, 'Great Soundtrack': 229, 'Difficult': 225, 'Psychological Horror': 209, 'Singleplayer': 146, 'Open World': 128}",5.024,0.005029029029029,0.4162495136851745,0.005029029029029029,0.0860345292050082,0.0008269552117247509
13,13,Warframe,230410,"{'Free to Play': 15459, 'Action RPG': 14923, 'Looter Shooter': 14865, 'Third-Person Shooter': 14818, 'Action': 14797, 'RPG': 14773, 'Third Person': 14719, 'Character Customization': 7793, 'Massively Multiplayer': 7781, 'Online Co-Op': 7747, 'Co-op': 7667, 'Singleplayer': 7623, 'PvE': 7608, 'Sci-fi': 7604, 'Space': 7564, 'Shooter': 7561, 'Lore-Rich': 7553, 'Hack and Slash': 7541, 'Parkour': 7529, 'Ninja': 7529}",,,,,,
14,14,War Thunder,236390,"{'Free to Play': 5862, 'Vehicular Combat': 4926, 'Combat': 4621, 'World War II': 3890, 'VR': 3849, 'Flight': 3794, 'War': 3718, 'Military': 3701, 'Tanks': 3672, 'Naval Combat': 3597, 'Simulation': 3551, 'Modern': 3533, 'Cold War': 3525, 'Massively Multiplayer': 3525, 'Action': 3511, 'Realistic': 3507, 'Multiplayer': 3504, 'Shooter': 3498, 'Third-Person Shooter': 3475, 'Third Person': 3470}",6.658,0.0066646646646646,0.365780808530748,0.006664664664664665,0.2975671011064684,0.0024759408707304485
15,15,ELDEN RING,1245620,"{'Souls-like': 6035, 'Dark Fantasy': 4382, 'Open World': 4271, 'RPG': 4153, 'Difficult': 3936, 'Action RPG': 3198, 'Third Person': 3080, 'Multiplayer': 2956, 'Fantasy': 2890, 'Singleplayer': 2765, 'Online Co-Op': 2704, 'Action': 2574, 'Co-op': 2204, 'PvP': 2186, 'Atmospheric': 2104, 'Great Soundtrack': 2074, 'Violent': 2065, '3D': 1883, 'Character Customization': 980, 'Family Friendly': 974}",4.016,0.00402002002002,0.4797914342788514,0.00402002002002002,0.028073193963939105,4.953651045835414e-05
16,16,Terraria,105600,"{'Open World Survival Craft': 15935, 'Sandbox': 15703, 'Survival': 12438, '2D': 12223, 'Multiplayer': 12150, 'Adventure': 11313, 'Pixel Graphics': 10850, 'Crafting': 10357, 'Building': 9859, 'Exploration': 8687, 'Co-op': 7630, 'Open World': 7377, 'Online Co-Op': 5945, 'Indie': 5886, 'Action': 5526, 'RPG': 5151, 'Singleplayer': 5031, 'Replay Value': 4213, 'Platformer': 3930, 'Atmospheric': 3452}",3.536,0.0035395395395395,0.4591973448328687,0.0035395395395395393,0.01906696545645981,4.624464143502219e-05
17,17,Brawlhalla,291550,"{'Free to Play': 4055, 'Multiplayer': 2937, 'Fighting': 2802, '2D Fighter': 2112, '2D Platformer': 2044, 'Casual': 2042, 'Local Multiplayer': 1954, 'Co-op': 1940, 'Controller': 1934, 'Action': 1929, 'Platformer': 1926, 'Fantasy': 1911, 'Online Co-Op': 1904, 'Local Co-Op': 1896, '4 Player Local': 1882, 'Family Friendly': 1878, 'Cartoony': 1874, 'e-sports': 1873, 'Singleplayer': 1853, 'Indie': 1832}",4.276,0.0042802802802802,0.3946608601153778,0.00428028028028028,0.19176687285420804,0.0014173110986738268
18,18,Tom Clancy's Rainbow Six Siege,359550,"{'FPS': 9689, 'PvP': 9074, 'e-sports': 9027, 'Multiplayer': 8949, 'Tactical': 8949, 'Shooter': 8944, 'Competitive': 8901, 'Online Co-Op': 8889, 'Action': 8876, 'Hero Shooter': 8836, 'Team-Based': 5576, 'Military': 4917, 'Strategy': 4859, 'First-Person': 4840, 'War': 4838, 'Realistic': 4830, 'Co-op': 4823, 'Destruction': 4820, 'Difficult': 2064, '3D': 1862}",4.234,0.0042382382382382,0.545415533896835,0.004238238238238238,0.0166678209456536,2.6493427295030507e-05
19,19,Baldur's Gate 3,1086940,"{'RPG': 3182, 'Choices Matter': 2535, 'Character Customization': 2524, 'Story Rich': 2504, 'Turn-Based Combat': 2382, 'Dungeons & Dragons': 2322, 'Adventure': 2038, 'CRPG': 2031, 'Fantasy': 1949, 'Online Co-Op': 1889, 'Romance': 1838, 'Multiplayer': 1824, 'Strategy': 1648, 'Singleplayer': 1620, 'Co-op Campaign': 1585, 'Sexual Content': 1494, 'Class-Based': 1447, 'Dark Fantasy': 1287, 'Combat': 1219, 'Controller': 1099}",4.368,0.0043723723723723,0.4958901559993178,0.004372372372372373,0.03246806015137365,5.7787246163999674e-05
20,20,Destiny 2,1085660,"{'Free to Play': 3282, 'Open World': 2900, 'FPS': 2834, 'Looter Shooter': 2821, 'MMORPG': 2821, 'Co-op': 2813, 'Multiplayer': 2784, 'PvE': 2705, 'PvP': 2672, 'Shooter': 2544, 'Massively Multiplayer': 2433, 'Loot': 2418, 'First-Person': 2410, 'Sci-fi': 2392, 'Action': 2376, 'Lore-Rich': 2313, 'Adventure': 2311, 'Space': 2295, 'Competitive': 2182, 'Atmospheric': 2166}",4.142,0.0041461461461461,0.4022401301901866,0.004146146146146145,0.07935225612954427,0.0002245853067496356
21,21,Garry's Mod,4000,"{'Sandbox': 18394, 'Moddable': 14264, 'Multiplayer': 14253, 'Physics': 14245, 'Building': 14228, 'Casual': 13064, 'Funny': 12765, 'Singleplayer': 12757, 'First-Person': 12751, 'Online Co-Op': 12733, 'Co-op': 12723, 'FPS': 12722, 'Simulation': 12720, 'Shooter': 12710, 'Action': 12705, 'Comedy': 12702, 'Indie': 12667, 'PvP': 8904, 'Realistic': 8883, 'Exploration': 8859}",3.504,0.0035075075075075,0.462124251360855,0.0035075075075075074,0.018957237647397165,8.305499888666222e-05
22,22,Wallpaper Engine,431960,"{'Mature': 3373, 'Utilities': 2336, 'Software': 1862, 'Anime': 1844, 'Design & Illustration': 1413, 'Animation & Modeling': 1145, 'NSFW': 848, 'First-Person': 762, 'Indie': 734, 'Memes': 700, 'Cute': 650, 'Action': 601, 'Singleplayer': 549, 'Funny': 544, 'Early Access': 463, 'Photo Editing': 397, 'Sandbox': 355, 'Horror': 267, 'Game Development': 257, 'Gaming': 217}",3.506,0.0035095095095095,0.4371574864826246,0.0035095095095095097,0.03805457736421027,0.000148627585501333
23,23,Half-Life 2: Lost Coast,340,"{'FPS': 1032, 'Action': 365, 'Singleplayer': 315, 'First-Person': 256, 'Sci-fi': 251, 'Shooter': 227, 'Short': 223, 'Aliens': 124, 'Dystopian ': 115, 'Classic': 113, 'Adventure': 109, 'Benchmark': 98, 'Atmospheric': 97, 'Futuristic': 92, 'Silent Protagonist': 88, 'Free to Play': 63, 'Post-apocalyptic': 44, 'Multiplayer': 43, 'Story Rich': 43, 'Great Soundtrack': 38}",7.026,0.007033033033033,0.4061485624486496,0.007033033033033033,0.07943882322639771,0.0010130350791673435
24,24,ARK: Survival Evolved,346110,"{'Open World Survival Craft': 12740, 'Survival': 12041, 'Multiplayer': 9454, 'Open World': 9374, 'Dinosaurs': 8951, 'Crafting': 7708, 'Building': 7376, 'Adventure': 6505, 'Base-Building': 5877, 'Co-op': 5420, 'Action': 4837, 'First-Person': 4422, 'Sandbox': 4398, 'Massively Multiplayer': 4221, 'Singleplayer': 3980, 'Early Access': 3467, 'RPG': 3211, 'Dragons': 3197, 'Sci-fi': 2597, 'Indie': 2114}",3.892,0.0038958958958958,0.5084391903196005,0.0038958958958958956,0.023373223463446068,0.00013488438338137736
25,25,Among Us,945360,"{'Multiplayer': 1822, 'Online Co-Op': 1268, 'Social Deduction': 1255, 'Space': 1207, 'Survival': 992, '2D': 965, 'Funny': 929, 'Psychological': 832, 'Co-op': 813, 'Party Game': 794, 'Cartoony': 731, 'Local Multiplayer': 711, 'Casual': 676, 'Action': 653, 'Sci-fi': 647, 'PvP': 647, 'Aliens': 643, 'Colorful': 642, 'Minigames': 642, 'Top-Down': 641}",5.502,0.0055075075075075,0.4998581195561691,0.005507507507507507,0.022193691622952046,7.71131853296182e-05
26,26,Cyberpunk 2077,1091500,"{'Cyberpunk': 6098, 'Open World': 5463, 'Nudity': 4700, 'RPG': 4585, 'Singleplayer': 4519, 'Sci-fi': 4327, 'Futuristic': 4275, 'FPS': 4213, 'Mature': 4070, 'Story Rich': 4058, 'First-Person': 3905, 'Atmospheric': 3744, 'Exploration': 3590, 'Action': 2877, 'Violent': 2505, 'Great Soundtrack': 2284, 'Action RPG': 2194, 'Adventure': 2071, 'Character Customization': 1579, 'Immersive Sim': 1013}",4.438,0.0044424424424424,0.4772398656212288,0.0044424424424424425,0.029253878163906427,0.00010716728752800897
27,27,PAYDAY 2,218620,"{'Co-op': 9793, 'Action': 7549, 'FPS': 7500, 'Heist': 7042, 'Multiplayer': 6265, 'Looter Shooter': 6232, 'Online Co-Op': 6143, 'Stealth': 6119, 'Crime': 5654, 'Shooter': 4811, 'Team-Based': 4323, 'First-Person': 4282, 'Great Soundtrack': 4110, 'Gun Customization': 3695, 'Tactical': 3389, 'PvE': 2758, 'Strategy': 2329, 'Singleplayer': 2168, 'Funny': 1629, 'Simulation': 1577}",3.368,0.0033713713713713,0.3774167988232904,0.003371371371371371,0.05151523079928077,0.0003994936820588123
28,28,Grand Theft Auto IV: Complete Edition,901583,"{'Open World': 2524, 'Action': 2009, 'Automobile Sim': 1388, 'Multiplayer': 1337, 'Crime': 1309, 'Third Person': 1211, 'Adventure': 1146, 'Singleplayer': 945, 'Third-Person Shooter': 919, 'Sandbox': 867, 'Moddable': 862, 'Shooter': 808, 'Physics': 698, 'Atmospheric': 546, 'Classic': 531, 'Funny': 512, 'Dark Humor': 505, 'Gore': 480, 'Co-op': 403, 'Satire': 403}",6.722,0.0067287287287287,0.4284722544931189,0.006728728728728727,0.058006708962232596,0.00022691027701047742
29,29,Valheim,892970,"{'Open World Survival Craft': 1989, 'Survival': 1898, 'Online Co-Op': 1825, 'Open World': 1764, 'Multiplayer': 1718, 'Building': 1597, 'Crafting': 1479, 'Exploration': 1355, 'Base-Building': 1349, 'Co-op': 1220, 'Sandbox': 1069, 'Adventure': 1025, 'Mythology': 960, 'RPG': 875, 'Early Access': 729, 'Action': 675, 'PvE': 641, 'Indie': 587, 'Singleplayer': 579, 'Third Person': 568}",4.838,0.0048428428428428,0.5521209272277152,0.0048428428428428415,0.02477601556687459,6.902493676040772e-05
30,30,Path of Exile,238960,"{'Free to Play': 17152, 'Dark Fantasy': 3896, 'Action RPG': 3728, 'Hack and Slash': 3402, 'Loot': 3050, 'MMORPG': 3037, 'Multiplayer': 3036, 'Dungeon Crawler': 3020, 'Character Customization': 3008, 'Isometric': 3001, 'Inventory Management': 2989, 'RPG': 2987, 'Online Co-Op': 2983, 'Singleplayer': 2981, 'Action': 2976, 'PvP': 2964, 'Horror': 2960, 'Massively Multiplayer': 2182, 'Fantasy': 1392, 'Adventure': 1280}",,,,,,
31,31,Rust,252490,"{'Survival': 17862, 'Crafting': 11329, 'Multiplayer': 11259, 'Open World': 10695, 'Open World Survival Craft': 8358, 'Building': 7970, 'PvP': 7263, 'Sandbox': 6994, 'Adventure': 5637, 'First-Person': 5066, 'Action': 4656, 'Nudity': 4530, 'FPS': 4512, 'Shooter': 3641, 'Co-op': 3614, 'Online Co-Op': 3568, 'Indie': 3004, 'Early Access': 2862, 'Post-apocalyptic': 2799, 'Simulation': 2459}",4.432,0.0044364364364364,0.4205353453975123,0.004436436436436437,0.03781929729896592,0.00013652530285796817
32,32,The Forest,242760,"{'Open World Survival Craft': 12179, 'Survival': 11797, 'Open World': 8548, 'Horror': 8380, 'Crafting': 6352, 'Adventure': 5513, 'Building': 5420, 'Survival Horror': 5079, 'First-Person': 4503, 'Action': 3697, 'Exploration': 3556, 'Sandbox': 3274, 'Singleplayer': 2767, 'Atmospheric': 2726, 'Simulation': 2548, 'Gore': 2418, 'Realistic': 2340, 'Indie': 2242, 'Zombies': 1659, 'Early Access': 1610}",3.578,0.0035815815815815,0.4089950427980028,0.003581581581581581,0.04920769935566882,9.265979406259969e-05
33,33,Last Epoch,899770,"{'Action RPG': 305, 'Loot': 257, 'Hack and Slash': 246, 'RPG': 225, 'Isometric': 159, 'Multiplayer': 156, 'Action': 113, 'Adventure': 109, 'Co-op': 93, 'Indie': 85, 'Dungeon Crawler': 78, 'Top-Down': 75, 'Singleplayer': 69, 'Fantasy': 52, 'Gore': 52, 'Character Customization': 50, 'Early Access': 46, 'Violent': 46, 'Magic': 37, 'MMORPG': 33}",4.026,0.00403003003003,0.4625392449219471,0.00403003003003003,0.017341445378912163,2.805811823847896e-05
34,34,Fall Guys: Ultimate Knockout,1097150,"{'Multiplayer': 1597, 'Party Game': 1531, 'Family Friendly': 1527, 'Battle Royale': 1525, 'Massively Multiplayer': 1484, 'Platformer': 1314, 'Cute': 1310, 'Funny': 1305, 'PvP': 1285, '3D Platformer': 1262, 'Controller': 960, 'Casual': 948, 'Colorful': 945, 'Action': 930, 'Online Co-Op': 915, 'Co-op': 911, 'Comedy': 904, 'Physics': 893, 'Indie': 420, 'Difficult': 208}",6.098,0.0061041041041041,0.4806362569765471,0.006104104104104105,0.14824519113277088,0.00028734746770818926
35,35,Stardew Valley,413150,"{'Farming Sim': 7029, 'Pixel Graphics': 6605, 'Life Sim': 6594, 'Multiplayer': 6405, 'RPG': 5999, 'Relaxing': 5574, 'Agriculture': 4988, 'Simulation': 4911, 'Crafting': 4101, 'Sandbox': 3985, 'Indie': 3787, 'Building': 3315, 'Singleplayer': 3053, 'Casual': 3028, 'Open World': 2970, '2D': 2704, 'Cute': 2509, 'Dating Sim': 2415, 'Great Soundtrack': 2376, 'Fishing': 2058}",4.002,0.004006006006006,0.5510370910771233,0.004006006006006006,0.015228828801457985,3.139211355644221e-05
36,36,The Witcher 3: Wild Hunt,292030,"{'Open World': 12336, 'RPG': 10495, 'Story Rich': 9688, 'Atmospheric': 6717, 'Mature': 6578, 'Fantasy': 6375, 'Adventure': 6250, 'Singleplayer': 6035, 'Nudity': 5736, 'Choices Matter': 5601, 'Great Soundtrack': 4620, 'Third Person': 4567, 'Medieval': 4403, 'Action': 4288, 'Multiple Endings': 3846, 'Action RPG': 3770, 'Magic': 3605, 'Dark Fantasy': 3593, 'Dark': 2147, 'Sandbox': 1274}",4.584,0.0045885885885885,0.4612487527361658,0.004588588588588588,0.053143265377666137,0.0002592271630347783
37,37,Warface,291480,"{'Free to Play': 3932, 'FPS': 2033, 'Realistic': 2006, 'Multiplayer': 1896, 'Shooter': 1731, 'Action': 1696, 'PvP': 1342, 'Co-op': 1337, 'Gun Customization': 1260, 'Character Customization': 1239, 'First-Person': 1157, 'Online Co-Op': 1041, 'Tactical': 1034, 'Strategy': 1000, 'Massively Multiplayer': 981, 'Military': 974, 'Team-Based': 968, 'Moddable': 955, 'Class-Based': 954, 'Adventure': 941}",,,,,,
38,38,Paladins,444090,"{'Hero Shooter': 50362, 'Free to Play': 5325, 'Multiplayer': 3326, 'FPS': 3203, 'Shooter': 2803, 'Action': 2253, 'Team-Based': 2220, 'First-Person': 1807, 'PvP': 1758, 'MOBA': 1680, 'Online Co-Op': 1555, 'Fantasy': 1224, 'Controller': 1177, 'Strategy': 1113, 'Co-op': 1089, 'Character Customization': 1078, 'Massively Multiplayer': 1074, 'Adventure': 1066, 'Colorful': 1065, 'Funny': 1053}",,,,,,
39,39,Borderlands 2,49520,"{'Loot': 9694, 'Shooter': 9195, 'Action': 9099, 'Multiplayer': 7535, 'Co-op': 7400, 'Looter Shooter': 7106, 'FPS': 6856, 'RPG': 5514, 'First-Person': 5382, 'Funny': 5053, 'Comedy': 4827, 'Open World': 3483, 'Combat': 2961, 'Online Co-Op': 2109, 'Adventure': 2016, 'Action RPG': 1776, 'Dark Humor': 1690, 'Singleplayer': 1364, 'Memes': 1347, 'Sci-fi': 1310}",3.666,0.0036696696696696,0.4636789449185589,0.00366966966966967,0.02643623614450035,5.157060868483715e-05
40,40,NARAKA: BLADEPOINT,1203220,"{'Battle Royale': 978, 'Multiplayer': 945, 'Martial Arts': 873, 'PvP': 855, 'Action': 821, 'Female Protagonist': 809, 'Character Customization': 804, 'Massively Multiplayer': 803, 'Fighting': 803, 'Survival': 794, 'Third Person': 791, 'Hack and Slash': 771, 'Swordplay': 770, 'Anime': 715, 'Parkour': 708, 'Adventure': 696, 'Mature': 576, 'Free to Play': 376, 'Violent': 325, 'Gore': 242}",3.964,0.0039679679679679,0.4666251081802123,0.003967967967967968,0.0634929345615618,0.0010722726734750747
41,41,Counter-Strike,10,"{'Action': 5472, 'FPS': 4897, 'Multiplayer': 3443, 'Shooter': 3393, 'Classic': 2820, 'Team-Based': 1896, 'First-Person': 1736, 'Competitive': 1631, 'Tactical': 1370, ""1990's"": 1230, 'e-sports': 1215, 'PvP': 907, 'Old School': 807, 'Military': 646, 'Strategy': 628, 'Survival': 312, 'Score Attack': 296, '1980s': 276, 'Assassin': 237, 'Nostalgia': 180}",24.04,0.024064064064064,0.351118005795071,0.024064064064064063,0.3543506926046027,0.000679737854086552
42,42,Serena,272060,"{'Horror': 5222, 'Free to Play': 256, 'Indie': 204, 'Point & Click': 192, 'Psychological Horror': 151, 'Adventure': 132, 'Story Rich': 131, 'Dark': 124, 'Short': 116, 'First-Person': 100, 'Mystery': 94, 'Atmospheric': 93, 'Multiplayer': 78, 'Singleplayer': 70, 'Puzzle': 29, 'Walking Simulator': 22, 'Co-op': 19, 'Hidden Object': 16, 'Exploration': 8, 'Romance': 5}",,,,,,
43,43,Euro Truck Simulator 2,227300,"{'Driving': 12565, 'Transportation': 12428, 'Simulation': 12377, 'Open World': 12298, 'Automobile Sim': 12219, 'Realistic': 12209, 'Moddable': 12096, 'Relaxing': 12027, 'Exploration': 11914, 'Immersive Sim': 11906, 'Economy': 11900, 'Management': 11870, 'Atmospheric': 11827, 'Multiplayer': 4547, 'Controller': 3891, 'Family Friendly': 3826, 'Third Person': 3819, 'Adventure': 3771, 'Casual': 3763, 'Indie': 3738}",3.498,0.0035015015015015,0.4323942638430254,0.003501501501501501,0.03630750503341131,0.00020421824630241468
44,44,World of Warships,552990,"{'Naval Combat': 92304, 'Free to Play': 71106, 'Naval': 65077, 'World War II': 59654, 'Massively Multiplayer': 57398, 'Multiplayer': 51170, 'Action': 51062, 'Tactical': 49635, 'PvP': 49472, 'Historical': 47724, 'Military': 42277, 'Online Co-Op': 38807, 'Team-Based': 37498, 'Realistic': 35806, 'Shooter': 35643, 'Simulation': 35269, 'PvE': 34618, 'Third-Person Shooter': 33675, 'War': 33231, 'Co-op': 24871}",5.822,0.0058278278278278,0.4288363411435184,0.005827827827827828,0.2765740148331163,0.002298067606684843
45,45,VRChat,438100,"{'VR': 1822, 'Free to Play': 1755, 'Multiplayer': 1248, 'Memes': 1216, 'Anime': 1215, 'Funny': 1128, 'Massively Multiplayer': 1024, 'First-Person': 758, 'Open World': 714, 'Early Access': 710, 'Simulation': 656, 'Casual': 611, 'Adventure': 491, 'MMORPG': 273, 'Comedy': 256, 'Sandbox': 223, 'Action': 150, 'Dating Sim': 115, 'Survival Horror': 100, 'Atmospheric': 76}",,,,,,
46,46,Heroes & Generals,227940,"{'Free to Play': 6209, 'World War II': 3437, 'FPS': 3342, 'Multiplayer': 3336, 'War': 2909, 'Shooter': 2688, 'Action': 2410, 'First-Person': 1832, 'Massively Multiplayer': 1684, 'Strategy': 1236, 'Tactical': 1203, 'Co-op': 1169, 'Historical': 1096, 'Open World': 1014, 'Simulation': 728, 'Atmospheric': 641, 'Adventure': 591, 'Indie': 528, 'Early Access': 454, 'RTS': 363}",,,,,,
47,47,Portal 2,620,"{'Platformer': 7373, 'Puzzle': 7207, 'First-Person': 6969, 'Dark Humor': 6968, 'Story Rich': 6934, 'Puzzle-Platformer': 6886, 'Funny': 6784, 'Female Protagonist': 6756, '3D Platformer': 6708, 'Action-Adventure': 6564, 'Action': 6529, 'FPS': 6515, 'Co-op': 5832, 'Physics': 5013, 'Sci-fi': 4862, 'Level Editor': 4839, 'Science': 4761, 'Comedy': 4736, 'Atmospheric': 4728, 'Adventure': 4677}",3.87,0.0038738738738738,0.5164215288854651,0.0038738738738738738,0.02232021383944742,0.00011479214685627514
48,48,Halo Infinite,1240440,"{'Free to Play': 852, 'FPS': 746, 'Multiplayer': 712, 'Singleplayer': 667, 'Shooter': 625, 'Action': 611, 'First-Person': 598, 'Open World': 568, 'Sci-fi': 568, 'Co-op': 497, 'PvP': 491, 'Competitive': 482, 'Story Rich': 467, 'Space': 452, 'Adventure': 442, 'Aliens': 421, 'Lore-Rich': 409, 'Cinematic': 399, 'Atmospheric': 398, 'Soundtrack': 382}",4.008,0.004012012012012,0.4594967427371404,0.004012012012012013,0.048299893509575906,0.0004066150318655327
49,49,Dead by Daylight,381210,"{'Horror': 40123, 'Survival Horror': 9383, 'Multiplayer': 9335, 'Online Co-Op': 7165, 'Co-op': 6793, 'Survival': 6768, 'Gore': 6731, 'Team-Based': 6640, 'Blood': 6613, 'Stealth': 6610, 'Third Person': 6598, 'Violent': 6582, 'First-Person': 6569, 'Psychological Horror': 6533, 'Action': 6498, 'Atmospheric': 6456, 'Strategy': 2134, 'Comedy': 2078, 'Mature': 1846, 'Difficult': 1503}",3.932,0.0039359359359359,0.4480637716308638,0.003935935935935935,0.03686796661453185,0.00017133165229357616
50,50,Phasmophobia,739630,"{'Horror': 3742, 'Online Co-Op': 2451, 'Multiplayer': 2253, 'Psychological Horror': 1788, 'Co-op': 1559, 'VR': 1353, 'Supernatural': 1318, 'First-Person': 1241, 'Investigation': 1154, 'Dark': 895, 'Demons': 822, 'Detective': 794, 'Mystery': 780, '3D': 574, 'Early Access': 564, 'Thriller': 554, 'Indie': 499, 'Action': 430, 'Tactical': 419, 'Singleplayer': 241}",3.25,0.0032532532532532,0.4391306188497227,0.003253253253253253,0.022319852506174513,4.4816359445617956e-05
51,51,Rocket League,252950,"{'Multiplayer': 6581, 'Football (Soccer)': 5222, 'Competitive': 4555, 'Sports': 3996, 'Racing': 3878, 'Team-Based': 3409, 'Online Co-Op': 2857, 'Football (American)': 2414, 'Fast-Paced': 2202, 'Co-op': 2139, 'Action': 1934, 'Funny': 1896, 'Great Soundtrack': 1668, 'Local Multiplayer': 1615, 'Split Screen': 1487, 'Local Co-Op': 1348, 'Singleplayer': 1232, '4 Player Local': 1211, 'Casual': 1202, 'Indie': 880}",3.72,0.0037237237237237,0.3216255347370101,0.0037237237237237237,0.07260227288161798,0.0007328571056025961
52,52,Hogwarts Legacy,990080,"{'Magic': 4198, 'Fantasy': 3545, 'Open World': 3483, 'Singleplayer': 3166, 'Adventure': 3092, 'RPG': 2871, 'Character Customization': 2560, 'Exploration': 2191, 'Story Rich': 1914, 'Third Person': 1834, 'Action-Adventure': 1740, 'Atmospheric': 1600, 'Action RPG': 1566, 'Action': 1382, 'Combat': 1371, 'Choices Matter': 1056, 'Puzzle': 979, 'Great Soundtrack': 880, 'Dark': 843, 'Family Friendly': 576}",4.22,0.0042242242242242,0.4988631523912303,0.004224224224224225,0.024675610388557017,4.2427196735813965e-05
53,53,Lethal Company,1966720,"{'Online Co-Op': 1492, 'Horror': 1415, 'First-Person': 1149, 'Co-op': 1034, 'Survival Horror': 1014, 'Psychological Horror': 974, 'Exploration': 971, 'Sci-fi': 785, 'Funny': 779, 'PvE': 732, 'Atmospheric': 714, 'Procedural Generation': 693, 'Aliens': 665, 'Time Management': 622, 'Adventure': 566, 'Dungeon Crawler': 540, 'Action': 527, 'Early Access': 479, 'Action-Adventure': 477, 'Perma Death': 448}",5.38,0.0053853853853853,0.5513877142820501,0.005385385385385385,0.028749229131254772,0.00011778712580315788
54,54,Battlefield 2042,1517290,"{'FPS': 748, 'Shooter': 709, 'Military': 697, 'Multiplayer': 671, 'War': 642, 'Action': 609, 'First-Person': 543, 'Combat': 527, 'Team-Based': 525, 'Singleplayer': 492, 'PvP': 477, 'Futuristic': 447, 'Vehicular Combat': 413, 'Modern': 404, 'Destruction': 354, 'Physics': 315, 'Cinematic': 294, 'Adventure': 274, 'Hero Shooter': 257, 'Casual': 216}",4.382,0.0043863863863863,0.5140764373546672,0.0043863863863863855,0.031304768120576296,0.00010184733832028421
55,55,Counter-Strike: Source,240,"{'Shooter': 5313, 'FPS': 3187, 'Action': 3172, 'Multiplayer': 2544, 'Team-Based': 1705, 'First-Person': 1508, 'Competitive': 1362, 'Tactical': 1353, 'PvP': 1038, 'e-sports': 978, 'Military': 775, 'War': 654, 'Strategy': 527, 'Moddable': 510, 'Singleplayer': 410, 'Difficult': 396, 'Atmospheric': 307, 'Survival': 285, 'Simulation': 247, 'Sandbox': 210}",25.098,0.0251231231231231,0.3390395871364285,0.025123123123123127,0.40477316468449476,0.000789406641110047
56,56,Half-Life 2: Deathmatch,320,"{'Action': 878, 'FPS': 492, 'Multiplayer': 421, 'Shooter': 270, 'First-Person': 253, 'Sci-fi': 191, 'Physics': 189, 'Competitive': 151, 'Funny': 112, 'Co-op': 100, 'Old School': 96, 'PvP': 77, 'Arena Shooter': 61, 'Moddable': 48, 'Atmospheric': 46, 'Adventure': 34, 'Great Soundtrack': 27, 'Singleplayer': 23, 'Online Co-Op': 16, 'Mod': 16}",15.432,0.0154474474474474,0.3867926058355447,0.015447447447447448,0.21939886654485036,0.0023171608482229775
57,57,鬼谷八荒 Tale of Immortal,1468810,"{'Management': 2630, 'Singleplayer': 2601, 'Simulation': 2511, 'Tactical RPG': 2473, 'Mythology': 2463, 'Sandbox': 2455, 'Action': 2445, 'RPG': 2443, 'Choose Your Own Adventure': 2437, 'Dating Sim': 2432, 'Adventure': 2430, 'Exploration': 2426, 'Hack and Slash': 2423, '2D': 2420, 'Story Rich': 2415, 'Action RPG': 2411, 'Procedural Generation': 2409, 'Action-Adventure': 2394, 'Hand-drawn': 2385, 'Strategy RPG': 2380}",4.866,0.0048708708708708,0.5193208646220462,0.0048708708708708704,0.1897980535408875,0.0017618179301546009
58,58,SMITE,386360,"{'Free to Play': 2640, 'MOBA': 1560, 'Multiplayer': 1271, 'Action': 1044, 'Third Person': 1032, 'Strategy': 938, 'Mythology': 937, 'MMORPG': 931, 'Team-Based': 746, 'Nostalgia': 731, 'Competitive': 701, 'Anime': 683, 'PvP': 662, 'Co-op': 650, 'e-sports': 578, 'Massively Multiplayer': 573, 'RPG': 570, 'Casual': 568, 'Adventure': 566, 'Strategy RPG': 564}",4.368,0.0043723723723723,0.4623304888444061,0.004372372372372373,0.2302244998387053,0.0033738307445722294
59,59,Monster Hunter: World,582010,"{'Co-op': 2790, 'Multiplayer': 2613, 'Action': 2381, 'Open World': 1905, 'RPG': 1768, 'Third Person': 1442, 'Character Customization': 1424, 'Adventure': 1252, 'Fantasy': 1198, 'Difficult': 1078, 'Action RPG': 1053, 'Singleplayer': 1045, 'Exploration': 899, 'Great Soundtrack': 799, 'Replay Value': 778, 'Atmospheric': 627, 'Hack and Slash': 575, 'JRPG': 544, 'Souls-like': 381, 'MMORPG': 340}",4.212,0.0042162162162162,0.4986563156327817,0.004216216216216216,0.03274738904333962,5.864782618289632e-05
60,60,World of Tanks Blitz,444200,"{'Tanks': 2864, 'Free to Play': 1911, 'Shooter': 1894, 'Action': 1880, 'FPS': 1877, 'Massively Multiplayer': 1003, 'Real Time Tactics': 1001, 'PvP': 999, 'World War II': 992, 'Strategy': 992, 'Multiplayer': 989, 'Online Co-Op': 987, 'Team-Based': 985, 'War': 983, 'Realistic': 981, 'Competitive': 979, '3D Platformer': 977, 'Singleplayer': 973, 'Military': 971, 'Vehicular Combat': 490}",5.044,0.005049049049049,0.4773477802403268,0.0050490490490490494,0.2691596705568561,0.0027490656989654937
61,61,Raft,648800,"{'Survival': 4145, 'Multiplayer': 3670, 'Open World Survival Craft': 3623, 'Co-op': 3049, 'Crafting': 2361, 'Open World': 2080, 'Building': 1978, 'Base-Building': 1759, 'Online Co-Op': 1661, 'Adventure': 1452, 'Sandbox': 1315, 'First-Person': 879, 'Singleplayer': 759, 'Underwater': 658, 'Early Access': 657, 'Simulation': 610, 'Action': 541, 'Indie': 492, 'Strategy': 437, 'Massively Multiplayer': 314}",4.63,0.0046346346346346,0.542172360235775,0.004634634634634635,0.022807348635041826,3.934395317160848e-05
62,62,Ring of Elysium,755790,"{'Free to Play': 1688, 'Battle Royale': 1377, 'Shooter': 1070, 'Multiplayer': 1047, 'Survival': 856, 'FPS': 722, 'Action': 688, 'Massively Multiplayer': 665, 'Third-Person Shooter': 630, 'Early Access': 584, 'Singleplayer': 518, 'PvP': 505, 'Open World': 504, 'Co-op': 502, '3D': 493, 'Tactical': 492, 'Violent': 486, 'Gore': 479, 'MOBA': 470, 'First-Person': 377}",,,,,,
63,63,Half-Life,70,"{'FPS': 2412, 'Classic': 1912, ""1990's"": 1902, 'Singleplayer': 1900, 'Multiplayer': 1900, 'Sci-fi': 1900, 'Shooter': 1876, 'Action': 1872, 'First-Person': 1869, 'Aliens': 1858, 'Story Rich': 1852, 'Silent Protagonist': 1846, 'Atmospheric': 1837, 'Moddable': 1811, 'Adventure': 1804, 'Gore': 1802, 'Retro': 1798, 'Action-Adventure': 1792, 'Difficult': 1769, 'PvP': 1749}",3.536,0.0035395395395395,0.4610805851938638,0.0035395395395395393,0.024492187889929753,9.930170651613538e-05
64,64,Black Squad,550650,"{'Free to Play': 2728, 'FPS': 1959, 'Shooter': 1767, 'Multiplayer': 1744, 'Action': 1220, 'Early Access': 953, 'First-Person': 857, 'Military': 822, 'PvP': 720, 'Singleplayer': 703, 'Co-op': 670, 'War': 582, 'Tactical': 561, 'Massively Multiplayer': 554, 'Team-Based': 523, 'Violent': 417, 'Strategy': 357, 'Open World': 357, 'Gore': 323, 'Adventure': 262}",,,,,,
65,65,7 Days to Die,251570,"{'Early Access': 7261, 'Survival': 6600, 'Zombies': 5009, 'Multiplayer': 4667, 'Open World': 4623, 'Open World Survival Craft': 4546, 'Voxel': 4241, 'Base-Building': 4203, 'Post-apocalyptic': 4154, 'Online Co-Op': 4057, 'Exploration': 3934, 'Building': 3931, 'Sandbox': 3878, 'Simulation': 3751, 'FPS': 3731, 'Strategy': 3650, 'Character Customization': 3650, 'Action': 3635, 'Tower Defense': 3634, 'Procedural Generation': 3623}",5.46,0.0054654654654654,0.4177921016965996,0.005465465465465466,0.10250401525945128,0.0010561523447294987
66,66,Robocraft,301520,"{'Free to Play': 3979, 'Robots': 2518, 'Building': 2419, 'Multiplayer': 2337, 'Action': 1685, 'Shooter': 1588, 'PvP': 1473, 'Massively Multiplayer': 1316, 'Sandbox': 1289, 'Crafting': 1239, 'Third-Person Shooter': 1008, 'Sci-fi': 892, 'Strategy': 826, 'Simulation': 756, 'Early Access': 628, 'Indie': 611, 'Open World': 567, 'Funny': 515, 'Adventure': 449, 'RPG': 426}",,,,,,
67,67,Dying Light,239140,"{'Zombies': 5889, 'Survival Horror': 5653, 'Horror': 5501, 'Online Co-Op': 4864, 'Open World': 4679, 'Parkour': 4611, 'First-Person': 4329, 'Survival': 4236, 'Open World Survival Craft': 4210, 'Gore': 4188, 'FPS': 4178, 'Action': 4166, 'PvE': 4040, 'Stealth': 4000, 'PvP': 3996, 'Post-apocalyptic': 3845, 'Story Rich': 3816, 'Multiplayer': 3679, 'Hack and Slash': 3591, 'Action RPG': 3586}",4.258,0.0042622622622622,0.420752044484785,0.004262262262262262,0.05588366535088249,0.00015921131552394077
68,68,Project Zomboid,108600,"{'Survival': 3907, 'Zombies': 3218, 'Open World': 2661, 'Open World Survival Craft': 2416, 'Multiplayer': 2380, 'Sandbox': 2030, 'Post-apocalyptic': 1696, 'Co-op': 1582, 'Crafting': 1376, 'Indie': 1269, 'Building': 1255, 'Simulation': 1225, 'RPG': 1218, 'Survival Horror': 1107, 'Realistic': 978, 'Isometric': 888, 'Singleplayer': 855, '2D': 763, 'Adventure': 699, 'Early Access': 674}",4.062,0.004066066066066,0.430965482526418,0.004066066066066066,0.05752342602775848,0.00026480588805238126
69,69,Red Dead Redemption 2,1174180,"{'Open World': 3067, 'Story Rich': 2478, 'Western': 2263, 'Adventure': 2211, 'Multiplayer': 2021, 'Action': 1990, 'Realistic': 1797, 'Singleplayer': 1591, 'Shooter': 1516, 'Atmospheric': 1350, 'Horses': 1318, 'Beautiful': 1289, 'Mature': 1259, 'Third-Person Shooter': 1223, 'Great Soundtrack': 1131, 'Third Person': 1033, 'Gore': 885, 'Sandbox': 851, 'First-Person': 742, 'FPS': 667}",5.474,0.0054794794794794,0.4225600012079487,0.005479479479479479,0.054694479443879035,0.0003544847452663087
70,70,Human Fall Flat,477160,"{'Co-op': 2043, 'Funny': 1947, 'Puzzle': 1912, 'Adventure': 1891, 'Physics': 1870, 'Sandbox': 1834, 'Puzzle-Platformer': 1824, 'Action': 1824, 'Open World': 1813, 'Multiplayer': 1752, 'Local Co-Op': 701, 'Indie': 655, 'Comedy': 590, 'Local Multiplayer': 578, 'Parkour': 564, 'Casual': 409, 'Split Screen': 349, '3D Platformer': 346, 'Singleplayer': 343, 'Simulation': 262}",4.102,0.0041061061061061,0.5258440058972014,0.004106106106106106,0.021626523995598838,4.519750211132976e-05
71,71,Portal,400,"{'Puzzle': 4184, 'Puzzle-Platformer': 3154, 'First-Person': 2517, '3D Platformer': 2457, 'Singleplayer': 2158, 'Sci-fi': 1989, 'Comedy': 1619, 'Female Protagonist': 1548, 'Physics': 1108, 'Funny': 1089, 'Action': 1057, 'Classic': 893, 'Story Rich': 885, 'Platformer': 839, 'Science': 814, 'Atmospheric': 710, 'Dark Humor': 692, 'FPS': 673, 'Short': 668, 'Adventure': 649}",19.552,0.0195715715715715,0.3568534994031284,0.01957157157157157,0.27145113784010727,0.0008129030834441656
72,72,Z1 Battle Royale,433850,"{'Survival': 2848, 'Massively Multiplayer': 1667, 'Multiplayer': 1635, 'Open World': 1528, 'Battle Royale': 1449, 'PvP': 1242, 'FPS': 1170, 'Action': 1083, 'Shooter': 1073, 'Free to Play': 958, 'Third-Person Shooter': 841, 'Zombies': 758, 'Co-op': 638, 'Early Access': 621, 'Online Co-Op': 615, 'Adventure': 570, 'First-Person': 503, 'Violent': 469, 'Gore': 354, 'Walking Simulator': 343}",6.596,0.0066026026026026,0.4903053362260178,0.006602602602602603,0.2655950833914345,0.002810082627717899
73,73,Street Warriors Online,417910,"{'Fighting': 1135, 'Action': 77, 'Multiplayer': 73, 'Sports': 70, 'Violent': 60, 'Massively Multiplayer': 58, 'Simulation': 43, 'Open World': 33, 'Free to Play': 28, 'PvP': 28, 'Early Access': 14, 'Co-op': 11, 'Indie': 8, 'Funny': 7, 'Character Customization': 7}",,,,,,
74,74,Hollow Knight,367520,"{'Metroidvania': 5016, 'Souls-like': 3978, 'Platformer': 3811, 'Great Soundtrack': 3702, 'Difficult': 3563, '2D': 3556, 'Indie': 3234, 'Singleplayer': 2846, 'Atmospheric': 2831, 'Exploration': 2783, 'Adventure': 2572, 'Story Rich': 2497, 'Hand-drawn': 1899, 'Action': 1828, 'Multiple Endings': 1800, 'Dark Fantasy': 1705, 'Open World': 1578, 'Cute': 1478, 'Controller': 1187, 'Side Scroller': 1118}",4.342,0.0043463463463463,0.4901559315548262,0.004346346346346346,0.02329996273346059,0.00011253939310051536
75,75,Don't Starve Together,322330,"{'Survival': 40996, 'Open World Survival Craft': 40741, 'Multiplayer': 10340, 'Co-op': 7962, 'Open World': 5840, 'Adventure': 5015, 'Crafting': 4689, 'Online Co-Op': 4276, 'Sandbox': 3576, 'Difficult': 2660, 'Indie': 2358, '2D': 2250, 'Atmospheric': 1819, 'Funny': 1769, 'Survival Horror': 1754, 'Strategy': 1460, 'Horror': 1300, 'Singleplayer': 1258, 'Action': 1106, 'Rogue-like': 982}",3.85,0.0038538538538538,0.4876183613996456,0.003853853853853854,0.08438380932881631,0.0003389441545754172
76,76,Sekiro: Shadows Die Twice - GOTY Edition,814380,"{'Souls-like': 2364, 'Difficult': 2026, 'Action': 1979, 'Singleplayer': 1649, 'Ninja': 1507, 'Stealth': 1214, 'Adventure': 1123, 'Third Person': 1102, 'Open World': 976, 'Story Rich': 899, 'Violent': 802, 'Atmospheric': 783, 'Assassin': 742, 'Dark Fantasy': 682, 'Hack and Slash': 663, 'RPG': 632, 'Gore': 598, 'Great Soundtrack': 597, 'Rhythm': 455, 'Dark': 439}",6.148,0.0061541541541541,0.4922256592546187,0.006154154154154154,0.11197103817114432,0.0003673794034515483
77,77,The Binding of Isaac: Rebirth,250900,"{'Action Roguelike': 3936, 'Rogue-like': 3479, 'Indie': 3012, 'Replay Value': 2873, 'Difficult': 2546, 'Pixel Graphics': 2098, 'Dungeon Crawler': 1805, 'Great Soundtrack': 1654, 'Singleplayer': 1614, 'Dark': 1568, '2D': 1314, 'Remake': 1241, 'Local Co-Op': 1238, 'Gore': 1199, 'Procedural Generation': 1118, 'Rogue-lite': 1098, 'Atmospheric': 952, 'Action': 875, 'Co-op': 835, 'Horror': 781}",3.912,0.0039159159159159,0.4404602950200829,0.003915915915915916,0.08413414569448219,0.0001622042884567934
78,78,Fallout 4,377160,"{'Open World': 9636, 'Post-apocalyptic': 8542, 'Singleplayer': 6686, 'Exploration': 6622, 'RPG': 6135, 'Adventure': 5056, 'Atmospheric': 5014, 'Shooter': 4802, 'First-Person': 4359, 'Story Rich': 4233, 'Action': 3692, 'Sci-fi': 3641, 'FPS': 3625, 'Action RPG': 3249, 'Sandbox': 3222, 'Great Soundtrack': 2942, 'Third Person': 2882, 'Survival': 2848, 'Third-Person Shooter': 2287, 'Character Customization': 1284}",3.682,0.0036856856856856,0.411410183409557,0.003685685685685685,0.06252832795470964,0.00013100876427529735
79,79,Mount & Blade II: Bannerlord,261550,"{'Medieval': 2329, 'Strategy': 2053, 'Open World': 1977, 'RPG': 1841, 'War': 1793, 'Sandbox': 1530, 'Multiplayer': 1491, 'Singleplayer': 1225, 'Action': 1142, 'Character Customization': 1057, 'Simulation': 1026, 'Moddable': 966, 'Adventure': 931, 'Horses': 855, 'Realistic': 802, 'Third Person': 780, 'First-Person': 756, 'Historical': 746, 'Great Soundtrack': 499, 'Early Access': 395}",3.58,0.0035835835835835,0.4173640623742068,0.003583583583583584,0.02523054381207528,5.932987095311744e-05
80,80,Sid Meier's Civilization V,8930,"{'Turn-Based Strategy': 4943, 'Strategy': 4347, 'Turn-Based': 2563, 'Multiplayer': 2390, 'Historical': 2178, '4X': 1710, 'Addictive': 1683, 'Singleplayer': 1597, 'Hex Grid': 1309, 'Grand Strategy': 1048, 'Replay Value': 838, 'Co-op': 772, 'Tactical': 726, 'Economy': 724, 'Diplomacy': 681, 'Moddable': 632, 'Simulation': 600, 'Classic': 469, 'Great Soundtrack': 452, 'Touch-Friendly': 303}",4.718,0.0047227227227227,0.5227780246958069,0.004722722722722723,0.035544571649290466,0.0002688700724772869
81,81,Trove,304050,"{'Free to Play': 3929, 'Sandbox': 2777, 'Pixel Graphics': 2773, 'Open World': 2769, 'Fantasy': 2445, 'Family Friendly': 2395, 'Voxel': 2394, 'Replay Value': 2391, 'Procedural Generation': 2390, 'Building': 2388, 'Crafting': 2384, 'MMORPG': 2381, 'RPG': 2364, 'Multiplayer': 2363, 'Adventure': 2072, 'Dungeon Crawler': 1849, 'Nostalgia': 1846, 'Massively Multiplayer': 1838, 'Action': 1344, 'Colorful': 1146}",,,,,,
82,82,Life is Strange 2,532210,"{'Choices Matter': 680, 'Story Rich': 636, 'Adventure': 515, 'Singleplayer': 368, 'Great Soundtrack': 346, 'Atmospheric': 285, 'Episodic': 244, 'Drama': 235, 'Sexual Content': 196, 'Choose Your Own Adventure': 182, 'LGBTQ+': 131, 'Point & Click': 128, 'Third Person': 121, 'Walking Simulator': 109, 'Mystery': 100, 'Nudity': 84, 'Puzzle': 60, 'Funny': 46, 'Comedy': 46, 'Classic': 33}",5.714,0.0057197197197197,0.4634916234305948,0.005719719719719719,0.11618018372447338,0.0008405078425118497
83,83,EA SPORTS FIFA 23,1811260,"{'Football (Soccer)': 958, 'Sports': 812, 'Controller': 750, 'e-sports': 728, 'PvP': 720, 'Management': 693, 'Simulation': 679, 'Team-Based': 674, 'Realistic': 665, 'Third Person': 665, 'Immersive Sim': 642, 'Multiplayer': 608, 'Local Multiplayer': 574, 'Local Co-Op': 565, 'Co-op': 559, 'Online Co-Op': 526, 'Singleplayer': 526, 'PvE': 166, 'Free to Play': 56, 'NSFW': 31}",4.048,0.004052052052052,0.45778053826019,0.0040520520520520515,0.08464395214861323,0.00022291830909065377
84,84,The Sims 4,1222670,"{'Life Sim': 1694, 'Character Customization': 1680, 'Building': 1676, 'Sandbox': 1668, 'Multiplayer': 1668, 'Romance': 1665, 'Simulation': 1652, 'Relaxing': 1647, 'Singleplayer': 1647, 'Dating Sim': 1637, 'Casual': 1635, 'Free to Play': 1629, 'Realistic': 1628, 'Cute': 1627, 'Immersive Sim': 1623, 'Funny': 1622, 'Family Friendly': 1620, 'Adventure': 1618, 'Fantasy': 1615, 'Cartoony': 1613}",,,,,,
85,85,Fallout: New Vegas,22380,"{'Open World': 3992, 'RPG': 3825, 'Post-apocalyptic': 3497, 'Singleplayer': 2489, 'Moddable': 2234, 'Story Rich': 1850, 'Exploration': 1822, 'First-Person': 1775, 'Action': 1715, 'Adventure': 1541, 'FPS': 1414, 'Sci-fi': 1409, 'Western': 1345, 'Atmospheric': 1273, 'Action RPG': 1176, 'Character Customization': 1134, 'Survival': 1097, 'Sandbox': 1014, 'Shooter': 980, 'Third Person': 620}",,,,,,
86,86,PlanetSide 2,218230,"{'Free to Play': 2943, 'FPS': 1959, 'Massively Multiplayer': 1945, 'Shooter': 1515, 'Action': 1430, 'Open World': 1206, 'Multiplayer': 1109, 'Team-Based': 1004, 'Sci-fi': 856, 'War': 799, 'Tactical': 796, 'First-Person': 736, 'PvP': 625, 'Futuristic': 608, 'Co-op': 533, 'Online Co-Op': 531, 'Strategy': 464, 'Space': 389, 'Adventure': 331, 'RPG': 307}",,,,,,
87,87,Cities: Skylines,255710,"{'City Builder': 5004, 'Simulation': 3618, 'Building': 3036, 'Management': 2503, 'Strategy': 2341, 'Sandbox': 2147, 'Singleplayer': 2053, 'Moddable': 1783, 'Economy': 1779, 'Resource Management': 1401, 'Mod': 1278, 'Realistic': 1017, 'Replay Value': 801, 'Casual': 750, 'Modern': 644, 'Real-Time with Pause': 626, 'Family Friendly': 597, 'Great Soundtrack': 498, 'Funny': 327, 'Action': 149}",,,,,,
88,88,The Elder Scrolls V: Skyrim,72850,"{'Open World': 9952, 'RPG': 8652, 'Fantasy': 6179, 'Adventure': 5541, 'Dragons': 4808, 'Moddable': 4799, 'First-Person': 3946, 'Action': 3516, 'Medieval': 3453, 'Singleplayer': 3405, 'Magic': 3355, 'Story Rich': 2955, 'Great Soundtrack': 2819, 'Sandbox': 2500, 'Lore-Rich': 2451, 'Atmospheric': 2424, 'Character Customization': 2345, 'Action RPG': 1804, 'Third Person': 1742, 'Epic': 1539}",,,,,,
89,89,Ricochet,60,"{'Action': 590, 'FPS': 134, 'Multiplayer': 116, 'Classic': 95, 'First-Person': 85, 'Sci-fi': 59, 'Shooter': 57, 'Space': 46, 'Cyberpunk': 38, 'Psychological Horror': 34, 'Memes': 31, 'Platformer': 31, '3D': 30, 'Retro': 29, 'Conspiracy': 29, 'Old School': 28, 'Cult Classic': 26, 'Competitive': 23, 'Great Soundtrack': 12, 'Sports': 12}",,,,,,
90,90,Arma 3,107410,"{'Military': 5855, 'Action': 5722, 'Multiplayer': 5591, 'Simulation': 5146, 'Shooter': 5143, 'Realistic': 4371, 'First-Person': 4201, 'Open World': 3910, 'Tactical': 3777, 'FPS': 3727, 'War': 3473, 'Co-op': 3346, 'Strategy': 2738, 'Sandbox': 2677, 'Singleplayer': 2025, 'Moddable': 1936, 'Combat': 1913, 'Online Co-Op': 1850, 'Team-Based': 1749, 'Third-Person Shooter': 1722}",,,,,,
91,91,Sid Meier’s Civilization VI,289070,"{'Strategy': 3366, 'Turn-Based Strategy': 2445, 'Multiplayer': 1634, 'Historical': 1619, 'Singleplayer': 1332, 'Grand Strategy': 1323, 'Turn-Based': 1276, '4X': 1114, 'War': 1026, 'Simulation': 1002, 'City Builder': 959, 'Tactical': 768, 'Building': 567, 'Management': 562, 'Great Soundtrack': 475, 'Moddable': 458, 'Online Co-Op': 452, 'Co-op': 434, 'Hex Grid': 375, 'Atmospheric': 184}",,,,,,
92,92,The Tiny Bang Story,96000,"{'Puzzle': 4574, 'Point & Click': 4574, 'Hand-drawn': 4569, 'Steampunk': 245, 'Retro': 240, 'Atmospheric': 237, '2D': 233, 'Story Rich': 226, 'Casual': 225, 'Family Friendly': 222, 'Cute': 221, 'Surreal': 215, 'Stylized': 215, 'Adventure': 202, 'Hidden Object': 175, 'Singleplayer': 174, 'Indie': 148, 'Minigames': 143, 'Logic': 138, 'Relaxing': 133}",,,,,,
93,93,NBA 2K20,1089350,"{'Basketball': 296, 'Sports': 186, 'Simulation': 126, 'Multiplayer': 112, 'Singleplayer': 51, 'Capitalism': 39, 'Loot': 23, 'Casual': 22, 'Local Multiplayer': 17, 'Massively Multiplayer': 15, 'Character Customization': 15, 'Controller': 15, 'Realistic': 13}",,,,,,
94,94,Castle Crashers,204360,"{'2D': 2087, 'Online Co-Op': 2077, 'Co-op': 2061, ""Beat 'em up"": 2055, 'Hack and Slash': 2049, 'Funny': 2049, 'Adventure': 2036, '4 Player Local': 1736, 'Local Co-Op': 1580, 'Multiplayer': 1549, 'Local Multiplayer': 1524, 'Action': 1501, 'Singleplayer': 1073, 'Medieval': 1027, 'Cartoony': 1025, 'Cute': 1003, 'Comedy': 974, 'RPG': 973, 'Arcade': 970, 'Casual': 964}",,,,,,
95,95,DayZ,221100,"{'Survival': 15581, 'Online Co-Op': 10380, 'Open World': 10290, 'Multiplayer': 10288, 'Action': 10275, 'PvP': 10274, 'Shooter': 10268, 'Massively Multiplayer': 10261, 'Horror': 10256, 'Post-apocalyptic': 10253, 'Simulation': 10250, 'FPS': 10246, 'First-Person': 10242, 'Survival Horror': 10240, 'Sandbox': 10238, 'Choose Your Own Adventure': 10235, 'Adventure': 10235, 'Co-op': 10234, 'Atmospheric': 10232, 'Indie': 10228}",,,,,,
96,96,Dota Underlords,1046930,"{'Free to Play': 712, 'Strategy': 587, 'Auto Battler': 488, 'Casual': 476, 'Multiplayer': 253, 'Tactical': 184, 'Chess': 180, 'Turn-Based Tactics': 176, 'Turn-Based': 142, 'Mature': 99, 'Competitive': 83, 'Fantasy': 66, 'Board Game': 59, 'Card Game': 57, 'Deckbuilding': 53, 'Singleplayer': 51, 'PvP': 40, 'Co-op': 38, 'Automation': 36, 'MOBA': 26}",,,,,,
97,97,Sons Of The Forest,1326470,"{'Survival': 1931, 'Open World': 1800, 'Multiplayer': 1791, 'Survival Horror': 1678, 'Co-op': 1655, 'Base-Building': 1481, 'Crafting': 1272, 'Horror': 1244, 'First-Person': 1132, 'Exploration': 1065, 'Building': 1034, 'Adventure': 1030, 'Singleplayer': 959, 'Atmospheric': 889, 'Action-Adventure': 807, 'Sandbox': 791, 'Action': 704, 'Simulation': 682, 'Early Access': 529, 'Immersive Sim': 513}",,,,,,
98,98,Minion Masters,489520,"{'PvE': 7111, 'Trading Card Game': 7102, 'Stylized': 7064, 'Turn-Based Tactics': 7029, 'Free to Play': 5782, 'Multiplayer': 5775, 'Tactical RPG': 5767, 'Card Battler': 5765, 'PvP': 5759, 'Strategy': 5756, 'Deckbuilding': 5754, 'Card Game': 5748, 'Real Time Tactics': 5744, 'Online Co-Op': 5710, 'Colorful': 5690, 'Fantasy': 5680, 'RTS': 5675, 'Co-op': 5615, 'Tower Defense': 4277, 'Singleplayer': 4179}",,,,,,
99,99,No More Room in Hell,224260,"{'Free to Play': 3622, 'Zombies': 3041, 'Multiplayer': 2160, 'Survival': 2011, 'Horror': 1752, 'Co-op': 1506, 'Online Co-Op': 1343, 'Action': 1240, 'FPS': 1187, 'First-Person': 1035, 'Survival Horror': 880, 'Shooter': 858, 'Post-apocalyptic': 832, 'Open World': 646, 'Realistic': 579, 'Indie': 530, 'Atmospheric': 510, 'Mod': 460, 'Adventure': 429, 'Massively Multiplayer': 383}",,,,,,
